mass_kg,k_acc,k_F,k_P,R2,n_samples
1.0000000000000002,-0.17651920564878423,0.005232019185148607,0.001036876918192864,0.5882730752776865,7422
