method,mass_kg,k_acc,k_f,k_p,r_squared
nonlinear_optimization,5.000000000000001,1.0000000000000048e-09,0.01585962642423607,0.024409412431481082,-10.32983209592026
