mass_kg,k_acc,k_F,k_P,R2
2.460431796871556,1.5,0.1,0.0010000000000000694,-8.837030086689646
